Frage_ID,Frage_Text,Bild_Typ,Beste_Quelle,Empfohlene_URL_oder_Anleitung,Lizenz_Hinweis
1,Wie habt ihr euch das allererste Mal getroffen?,Promo-Shot Hosts,Spotify Show-Art,"https://open.spotify.com/show/6zzULDWPdNynkfYXohphg3",Spotify-Lizenz
2,Wer hat die verrücktere Kindheitsstory?,Wiki-Eintrag,Fandom Random Fakten,"https://einer-von-den-guten.fandom.com/de/wiki/Random_Fakten_zum_Podcast",Fandom-Lizenz
3,Was war die absurdeste DM die ihr je bekommen habt?,Meme-Screenshot,Reddit DM-Posts,"https://www.reddit.com/r/einervondenguten/search?q=DM&restrict_sr=on",Reddit-Community
4,Wenn der Podcast ein Gericht wäre – was ist Huebi?,Episoden-Artwork,Spotify Episode Thumbnail,"https://open.spotify.com/show/6zzULDWPdNynkfYXohphg3",Spotify-Lizenz
5,Welches Zitat wurde am häufigsten zum Meme?,Zitat-Karte,Fandom Zitate,"https://einer-von-den-guten.fandom.com/de/wiki/Zitate",Fandom-Lizenz
6,Was sollte mit dem Huebi-Face-Meme passieren?,Meme-Collage,Reddit Top Memes,"https://www.reddit.com/r/einervondenguten/top/?t=all",Reddit-Community
7,Was war die chaotischste Aufnahme?,Episoden-Thumbnail,Spotify Episodenliste,"https://open.spotify.com/show/6zzULDWPdNynkfYXohphg3",Spotify-Lizenz
8,Wer nervt offline mehr?,Fan-Clip-Screenshot,Reddit Posts,"https://www.reddit.com/r/einervondenguten/",Reddit-Community
9,Gab es eine Story die erst gelogen klang aber wahr war?,Fandom-Eintrag,Fandom Zuhörernachrichten,"https://einer-von-den-guten.fandom.com/de/wiki/Zuhörernachrichten",Fandom-Lizenz
10,Wie viele Fans glauben an eine dumme Verschwörungstheorie?,Meme-Parodie,Reddit Verschwörung Posts,"https://www.reddit.com/r/einervondenguten/",Reddit-Community
11,Hater-Kommentare werden eher …,Kommentar-Thread,Reddit Comments,"https://www.reddit.com/r/einervondenguten/",Reddit-Community
12,Welcher Traumgast wird öfter genannt?,Wunsch-Gast Meme,Reddit Guest Threads,"https://www.reddit.com/r/einervondenguten/",Reddit-Community
13,Wie viel Vorbereitung steckt in einer Folge?,BTS-Fotos,190a Tourseite,"https://www.190a.com/",190a-Lizenz
14,Welches Thema akzeptiert die Community eher als Satire?,Meme-Thread,Reddit Dating Posts,"https://www.reddit.com/r/einervondenguten/",Reddit-Community
15,Wer gewinnt das Blind-Käse-Ranking?,Food-Shot,Spotify Episode 'Käse im Schuh',"https://open.spotify.com/show/6zzULDWPdNynkfYXohphg3",Spotify-Lizenz
16,Welches Zitat wird am meisten in Reels genutzt?,Episoden-Clip,Spotify / Instagram Clips,"https://open.spotify.com/show/6zzULDWPdNynkfYXohphg3",Social-Media
17,Wie viele Fans lösen ein Insider-Rätsel in 1 Stunde?,Reddit-Poll,Reddit Rätselposts,"https://www.reddit.com/r/einervondenguten/",Reddit-Community
18,Beliebteste Merch-Idee?,Merch-Mockup,Reddit Merch-Threads,"https://www.reddit.com/r/einervondenguten/",Reddit-Community
19,Wie oft kommt die dümmste Fanfrage vor?,Kommentar-Screenshot,Reddit/YouTube Comments,"https://www.reddit.com/r/einervondenguten/",Community
20,Wie viele Zuhörer bekamen das größte Missverständnis mit?,Tour-Promo,190a / Spotify,"https://www.190a.com/",190a-Lizenz
21,Würdet ihr eine komplette Folge improvisieren?,Live-Show Foto,190a Live-Fotos,"https://www.190a.com/",190a-Lizenz
22,Wenn euer Podcast eine Fernsehserie wäre – welches Genre?,Episoden-Collage,Spotify Thumbnails,"https://open.spotify.com/show/6zzULDWPdNynkfYXohphg3",Spotify-Lizenz
23,Wer nervt offline mehr?,Backstage-Foto,190a Tour BTS,"https://www.190a.com/",190a-Lizenz
24,Wer hat die melodramatischste Story?,Fandom-Eintrag,Fandom Geschichte,"https://einer-von-den-guten.fandom.com/de/wiki/Geschichte_%26_Besondere_Ereignisse",Fandom-Lizenz
25,Falsches Horoskop – welches nimmt die Community am ehesten ernst?,Meme-Karte,eigene Grafik + Reddit,"Canva Template oder Unsplash",Eigenkreation
26,Welches ist euer heimliches Guilty-Pleasure-Song?,Spotify-Share,Spotify Episoden,"https://open.spotify.com/show/6zzULDWPdNynkfYXohphg3",Spotify-Lizenz
27,Welcher Running-Gag soll neu gestartet werden?,Meme-Collage,Reddit Top Posts,"https://www.reddit.com/r/einervondenguten/top/",Reddit-Community
28,Wie lange dauerte der legendäre Spontan-Lacher?,Clip-Screenshot,Spotify Episoden,"https://open.spotify.com/show/6zzULDWPdNynkfYXohphg3",Spotify-Lizenz
29,Welche drei Fragen darf man NIE in Live-Q stellen?,Moderations-Card,eigene Grafik,"Canva oder Unsplash Icons",Eigenkreation
30,Peinlichste Freundschafts-Minute on-air,Live-Selfie,190a Tour Fotos,"https://www.190a.com/",190a-Lizenz
31,Wer beantwortet die 'Dumme Frage des Monats' am ernsthaftesten?,Kommentar-Screenshot,Reddit/YouTube,"https://www.reddit.com/r/einervondenguten/",Community
32,Beschreibt den perfekten Fan in drei Worten,Fan-Artwork,Reddit Fan-Art,"https://www.reddit.com/r/einervondenguten/",Reddit-Community
33,Wieviel ml hat die geheime Zutat im 'Einer von den Guten'-Cocktail?,Cocktail-Foto,Unsplash + Overlay,"https://unsplash.com/search/cocktail",Unsplash-Lizenz
34,Welcher Flop bekam den größten viralen Push,Episode-Artwork,Spotify,"https://open.spotify.com/show/6zzULDWPdNynkfYXohphg3",Spotify-Lizenz
35,Habt ihr ein Ritual vor Aufnahmen?,BTS High-Five,Tour-Fotos,"https://www.190a.com/",190a-Lizenz
36,Wer würde im Survival-Szenario überleben?,Meme-Illustration,Reddit Fan-Art,"https://www.reddit.com/r/einervondenguten/",Reddit-Community
37,Wie viele Leute waren beim kuriosen Backstage-Moment dabei?,Backstage-Foto,190a BTS,"https://www.190a.com/",190a-Lizenz
38,Welches Meme wäre das Kronjuwel im Meme-Museum?,Meme-Collage,Reddit Top 10 Memes,"https://www.reddit.com/r/einervondenguten/top/",Reddit-Community
39,Welches Promo-Foto gewinnt 'Most Iconic Awkward'?,Live-Selfie,Spotify / 190a,"https://open.spotify.com/show/6zzULDWPdNynkfYXohphg3",Multi-Lizenz
40,Wer weint heimlich öfter bei Fan-Danksagungen?,Emotionaler Moment,Fandom Zuhörernachrichten,"https://einer-von-den-guten.fandom.com/de/wiki/Zuhörernachrichten",Fandom-Lizenz
41,Welche königliche Pflicht wäre für Zeo am peinlichsten?,Meme-Illustration,eigene Grafik,"Canva Königskostüm Template",Eigenkreation
42,Dümmste Fan-Hypothese – wie viel Prozent halten sie für plausibel?,Poll-Screenshot,Reddit Umfragen,"https://www.reddit.com/r/einervondenguten/",Reddit-Community
43,Was würdet ihr eher opfern: Podcast oder Socials für 1 Jahr?,Podcast-Cover,Spotify + Icons,"https://open.spotify.com/show/6zzULDWPdNynkfYXohphg3",Montage
44,Wie lange dauerte das synchronste Lachen,Clip-Screenshot,Spotify Episode,"https://open.spotify.com/show/6zzULDWPdNynkfYXohphg3",Spotify-Lizenz
45,Wie viele Meme errät ein Host in 90 Sek bei Live-Impro?,Meme-Grid,Reddit Top Memes,"https://www.reddit.com/r/einervondenguten/top/",Reddit-Community
46,Welcher fiktive Episoden-Plot gewinnt?,Roadtrip-Foto,190a Tour,"https://www.190a.com/",190a-Lizenz
47,Wie viele persönliche DMs nach emotionaler Folge?,Fandom-Screenshot,Fandom Zuhörernachrichten,"https://einer-von-den-guten.fandom.com/de/wiki/Zuhörernachrichten",Fandom-Lizenz
48,Welcher dümmste Hype am meisten nachgeahmt?,Meme-Trend,Reddit Trend-Posts,"https://www.reddit.com/r/einervondenguten/",Reddit-Community
49,„Huebi's Küchenkatastrophen",Koch-Fail,Unsplash + Meme,"https://unsplash.com/search/cooking+fail",Stock+Overlay
50,Meta: Was neue Hörer nach 3 Folgen fragen?,Podcast-Badge,eigene Grafik,"Canva oder Spotify-Art",Eigenkreation
